bug_path_name,text_color,background_color,class,game,categories,no_questions
,,,Civics,Civics-10,Civics,10
,,,Civics,Voting-VA Mixed News and Civics,Civics,3
,,,Civics,Test Game for internal use,Civics,0
,,,Civics,Civics-U.S. Constitution Mixed-6,Civics,3
,,,Civics,Civics-U.S. Constitution-Mixed-10,Civics,5
,,,Civics,Civics-8,Civics,8
,,,Voting,Voting-NV Mixed News and Civics,Civics,3
,,,Voting,Voting-AZ Mixed Civics and News,Civics,3
,,,Voting,Voting-CA Mixed News and Civics,Civics,3
,,,Voting,Voting-FL Mixed News and Civics,Civics,3
,,,Voting,Voting-GA Mixed News and Civics,Civics,3
,,,Voting,Voting-MI Mixed News and Civics,Civics,3
,,,Voting,Voting-OH Mixed News and Civics,Civics,3
,,,Voting,Voting-PA Mixed News and Civics,Civics,3
,,,Voting,Voting-TX Mixed News and Civics,Civics,3
,,,Voting,Voting-WI Mixed News and Civics,Civics,3
,,,Civics,Civics-U.S. Constitution Mixed-8,Civics,4
,,,Voting,Voting-Any State Mixed News and Civics,Civics,3
,,,Civics,Voting-NC Mixed News and Civics,Civics,3
,,,Voting,Voting-NJ Mixed News and Civics,Civics,3
,,,Voting,Voting-NY Mixed News and Civics,Civics,3