game_leader,play_code,when,location,game,play
Teacher Ric,,2022-01-31 14:21:30.935904-08,"Albuquerque, NM",Fun Facts,2610
Teacher Ric,,2022-01-31 14:31:45.817642-08,"Albuquerque, NM",Fun Facts,2611
Teacher Ric,,2022-03-06 09:15:43.95344-08,"Albuquerque, NM",U.S. Constitution-4th Amendment,2921
Teacher Ric,,2022-03-06 09:22:54.511801-08,"Albuquerque, NM",U.S. Constitution-4th Amendment,2922
Teacher Ric,,2022-03-06 09:42:41.685938-08,"Albuquerque, NM",U.S. Constitution-4th Amendment,2923
Teacher Ric,,2022-03-06 09:43:26.218746-08,"Albuquerque, NM",U.S. Constitution-4th Amendment,2924
Teacher Ric,,2022-03-06 09:44:25.031924-08,"Albuquerque, NM",U.S. Constitution-4th Amendment,2925
Teacher Ric,,2022-03-06 09:45:42.588388-08,"Albuquerque, NM",U.S. Constitution-4th Amendment,2926
Teacher Ric,,2022-03-06 09:47:10.314927-08,"Albuquerque, NM",U.S. Constitution-4th Amendment,2927
Teacher Ric,,2022-03-08 08:02:37.846037-08,"Albuquerque, NM",Civics-Middle School,2966
Teacher Ric,,2022-03-22 16:29:54.547122-07,"Albuquerque, NM",Civics-Middle School,3028
Teacher Ric,,2022-03-29 11:25:39.239348-07,"Albuquerque, NM",Civics-Middle School,3060
Teacher Ric,,2022-04-11 09:32:20.816441-07,"Albuquerque, NM",News-6,3116
Teacher Ric,,2022-04-11 10:05:42.761181-07,"Albuquerque, NM",News-6,3117
Teacher Ric,,2022-04-11 10:07:59.142324-07,"Albuquerque, NM",News-6,3118
Teacher Ric,,2022-04-11 10:44:55.157232-07,"Albuquerque, NM",News-6,3119
Teacher Ric,,2022-04-11 10:49:15.968434-07,"Albuquerque, NM",News-6,3120
Teacher Ric,,2022-04-11 10:52:09.016315-07,"Albuquerque, NM",News-6,3121
Teacher Ric,,2022-04-11 10:55:38.052214-07,"Albuquerque, NM",News-6,3122
Teacher Ric,,2022-04-12 07:24:53.789998-07,"Albuquerque, NM",Civics-Middle School,3129
Teacher Ric,,2022-04-12 07:30:46.363891-07,"Albuquerque, NM",Civics-Middle School,3130
Teacher Ric,,2022-04-12 07:31:15.414088-07,"Albuquerque, NM",Civics-Middle School,3131
Teacher Ric,,2022-04-12 07:32:04.526546-07,"Albuquerque, NM",Civics-Middle School,3132
Teacher Ric,,2022-04-12 07:40:33.078722-07,"Albuquerque, NM",Civics-Middle School,3133
Teacher Ric,,2022-04-12 07:45:36.592408-07,"Albuquerque, NM",Civics-Middle School,3134
Teacher Ric,,2022-04-12 07:45:50.016527-07,"Albuquerque, NM",Civics-Middle School,3135
Teacher Ric,,2022-04-12 07:46:19.181752-07,"Albuquerque, NM",Civics-Middle School,3136
Teacher Ric,,2022-04-12 07:47:24.460681-07,"Albuquerque, NM",Civics-Middle School,3137
Teacher Ric,,2022-04-12 08:20:53.68606-07,"Albuquerque, NM",Civics-Middle School,3138
Teacher Ric,,2022-04-18 07:59:39.48659-07,"Albuquerque, NM",Civics-Middle School,3155
Teacher Bytof,,2022-04-21 11:25:39.242586-07,"Alameda, CA",LWV Demo,3192
Teacher Bytof,,2022-04-21 17:20:00.100051-07,"Alameda, CA",LWV Demo,3198
Teacher Bytof,,2022-04-22 10:17:34.086997-07,"Alameda, CA",Voting-TX,3202
Teacher Bytof,,2022-04-22 10:26:34.199421-07,"Alameda, CA",Voting-NC,3203
Teacher Bytof,,2022-04-22 10:32:40.734323-07,"Alameda, CA",Voting-FL,3204
Teacher Linda,,2022-04-24 14:31:48.299911-07,"Alameda, CA",Voting-NC,3210
Teacher Linda,,2022-04-28 10:37:12.132335-07,"Alameda, CA",LWV Demo,3240
Teacher Linda,,2022-04-28 11:42:31.039862-07,"Alameda, CA",LWV Demo,3248
Teacher Linda,,2022-05-06 08:56:26.824923-07,"Alameda, CA",Civic Engagement-Mixed Civics and News,3404
Teacher LindaB,,2022-05-06 08:57:23.751323-07,"Alameda, CA",U.S. Constitution-10,3405